Workbook

Sheet old
A1: номер запроса | B1: время получения | C1: канал запроса | D1: вложения | E1: дата изменения статуса | F1: назначенный агент | G1: время первого ответа | H1: дата первого ответа | I1: время выполнения | J1: выполнен первым ответом | K1: Количество ответов агента | L1: Количество ответов клиента | M1: Флоу
A2: 181442871 | B2: 45383.014 | C2: Telegram | D2: 2 | E2: 45383.519 | F2: Агент 1 | G2: 0.0009837963 | H2: 45383.015 | I2: 0.0035763889 | J2: Да | K2: 1 | L2: 5 | M2: Другие_баги
A3: 181444620 | B3: 45383.04 | C3: Telegram | D3: 1 | E3: 45383.545 | F3: Агент 1 | G3: 0.00060185185 | H3: 45383.041 | I3: 0.00096064815 | J3: Нет | K3: 2 | L3: 3 | M3: Отмена_студентом
A4: 181455692 | B4: 45383.242 | C4: WhatsApp | D4: 0 | E4: 45383.844 | F4: Агент 1 | G4: 0.00052083333 | H4: 45383.243 | I4: 0.094988426 | J4: Нет | K4: 3 | L4: 3 | M4: Отмена_преподавателем
A5: 181457280 | B5: 45383.265 | C5: Telegram | D5: 3 | E5: 45400.161 | F5: Агент 2 | G5: 0.00075231481 | H5: 45383.266 | I5: 14.718252 | J5: Нет | K5: 26 | L5: 37 | M5: Не_пришёл_опоздал_преподаватель
A6: 181458663 | B6: 45383.285 | C6: Email | D6: 0 | E6: 45383.794 | F6: Агент 1 | G6: Нет ответа | H6: Нет ответа | I6: 0.0034375 | J6: Нет | K6: 0 | L6: 1 | M6: Увольнение
A7: 181459476 | B7: 45383.295 | C7: Telegram | D7: 1 | E7: 45383.869 | F7: Агент 1 | G7: 0.00050925926 | H7: 45383.296 | I7: 0.070694444 | J7: Нет | K7: 11 | L7: 17 | M7: Проблема_соединения
A8: 181459541 | B8: 45383.296 | C8: WhatsApp | D8: 0 | E8: 45383.802 | F8: Агент 1 | G8: 0.0016203704 | H8: 45383.298 | I8: 0.0031944444 | J8: Да | K8: 1 | L8: 2 | M8: Проблема_соединения
A9: 181460126 | B9: 45383.301 | C9: Telegram | D9: 0 | E9: 45383.927 | F9: Агент 3 | G9: 0.0017939815 | H9: 45383.303 | I9: 0.12068287 | J9: Нет | K9: 2 | L9: 3 | M9: Технические_уточнения
A10: 181460973 | B10: 45383.311 | C10: WhatsApp | D10: 1 | E10: 45383.82 | F10: Агент 1 | G10: 0.0017361111 | H10: 45383.313 | I10: 0.0021412037 | J10: Да | K10: 1 | L10: 3 | M10: Треш
A11: 181460975 | B11: 45383.311 | C11: Email | D11: 1 | E11: 45383.82 | F11: Агент 1 | G11: 0.0025462963 | H11: 45383.314 | I11: 0.0025578704 | J11: Да | K11: 1 | L11: 1 | M11: Треш
A12: 181460981 | B12: 45383.311 | C12: Telegram | D12: 0 | E12: 45385.276 | F12: Агент 3 | G12: 0.0062731481 | H12: 45383.318 | I12: 1.4625231 | J12: Нет | K12: 3 | L12: 5 | M12: Рефанд
A13: 181461464 | B13: 45383.315 | C13: Telegram | D13: 0 | E13: 45383.82 | F13: Агент 1 | G13: 0.00041666667 | H13: 45383.316 | I13: 0.0013425926 | J13: Нет | K13: 2 | L13: 2 | M13: Отмена_преподавателем
A14: 181462284 | B14: 45383.323 | C14: WhatsApp | D14: 1 | E14: 45383.869 | F14: Агент 1 | G14: 0.0011921296 | H14: 45383.324 | I14: 0.039398148 | J14: Нет | K14: 6 | L14: 7 | M14: Проблема_соединения
A15: 181462776 | B15: 45383.328 | C15: Telegram | D15: 0 | E15: 45383.408 | F15: Агент 4 | G15: 0 | H15: =B15 -> 45383.328 | I15: 0.080011574 | J15: Да | K15: 1 | L15: 1 | M15: Пауза_студент
A16: 181462830 | B16: 45383.328 | C16: Telegram | D16: 1 | E16: 45383.836 | F16: Агент 1 | G16: 0.000625 | H16: 45383.329 | I16: 0.0042592593 | J16: Нет | K16: 5 | L16: 9 | M16: Проблема_соединения
A17: 181463571 | B17: 45383.334 | C17: Telegram | D17: 0 | E17: 45383.844 | F17: Агент 1 | G17: 0.0015972222 | H17: 45383.336 | I17: 0.0024768519 | J17: Нет | K17: 2 | L17: 2 | M17: Вопрос_отзыв_про_студента
A18: 181465358 | B18: 45383.346 | C18: Telegram | D18: 2 | E18: 45383.877 | F18: Агент 4 | G18: 0.0011458333 | H18: 45383.347 | I18: 0.023217593 | J18: Нет | K18: 8 | L18: 10 | M18: Отмена_преподавателем
A19: 181465605 | B19: 45383.347 | C19: Telegram | D19: 3 | E19: 45383.86 | F19: Агент 1 | G19: 0.00064814815 | H19: 45383.348 | I19: 0.0063541667 | J19: Нет | K19: 4 | L19: 6 | M19: Проблема_соединения
A20: 181465922 | B20: 45383.35 | C20: Telegram | D20: 1 | E20: 45383.86 | F20: Агент 4 | G20: 0.0013078704 | H20: 45383.353 | I20: 0.0058796296 | J20: Нет | K20: 2 | L20: 4 | M20: Селфстади
A21: 181466346 | B21: 45383.353 | C21: Telegram | D21: 0 | E21: 45383.86 | F21: Агент 1 | G21: 0.00099537037 | H21: 45383.354 | I21: 0.0018055556 | J21: Да | K21: 1 | L21: 1 | M21: Авторизация_Стафф
A22: 181466354 | B22: 45383.353 | C22: WhatsApp | D22: 0 | E22: 45383.86 | F22: Агент 4 | G22: 0.0022800926 | H22: 45383.355 | I22: 0.0064814815 | J22: Да | K22: 1 | L22: 1 | M22: Вопросы_про_расписание
A23: 181467195 | B23: 45383.358 | C23: WhatsApp | D23: 0 | E23: 45383.47 | F23: Агент 5 | G23: 0.0011111111 | H23: 45383.359 | I23: 0.11163194 | J23: Нет | K23: 3 | L23: 4 | M23: Проблема_оплаты
A24: 181467627 | B24: 45383.361 | C24: Telegram | D24: 2 | E24: 45383.877 | F24: Агент 4 | G24: 0.00068287037 | H24: 45383.362 | I24: 0.012395833 | J24: Нет | K24: 3 | L24: 5 | M24: Механики_тренажёра
A25: 181468047 | B25: 45383.364 | C25: Telegram | D25: 0 | E25: 45383.869 | F25: Агент 1 | G25: 0.00096064815 | H25: 45383.365 | I25: 0.002025463 | J25: Нет | K25: 2 | L25: 2 | M25: Отмена_студентом
A26: 181468909 | B26: 45383.369 | C26: Telegram | D26: 0 | E26: 45383.373 | F26: Агент 4 | G26: 0.0006712963 | H26: 45383.37 | I26: 0.0039467593 | J26: Нет | K26: 2 | L26: 2 | M26: Отмена_преподавателем
A27: 181469358 | B27: 45383.371 | C27: Telegram | D27: 0 | E27: 45383.877 | F27: Агент 1 | G27: 0.0015277778 | H27: 45383.373 | I27: 0.0017939815 | J27: Да | K27: 1 | L27: 1 | M27: Словарь_повторение
... A39: 181475474 | B39: 45383.398 | C39: Telegram | D39: 0 | E39: 45383.448 | F39: Агент 4 | G39: 0.0022222222 | H39: 45383.4 | I39: 0.050752315 | J39: Нет | K39: 3 | L39: 3 | M39: Отмена_преподавателем
A40: 181475879 | B40: 45383.399 | C40: Email | D40: 1 | E40: 45383.935 | F40: Агент 5 | G40: 2.3148148e-05 | H40: 45383.399 | I40: 0.029849537 | J40: Да | K40: 1 | L40: 1
A41: 181476058 | B41: 45383.4 | C41: Email | D41: 0 | E41: 45383.902 | F41: Агент 4 | G41: Нет ответа | H41: Нет ответа | I41: 0.0003587963 | J41: Нет | K41: 0 | L41: 1
A42: 181477246 | B42: 45383.405 | C42: Telegram | D42: 0 | E42: 45383.927 | F42: Агент 5 | G42: 0.0019791667 | H42: 45383.408 | I42: 0.019456019 | J42: Нет | K42: 3 | L42: 6 | M42: Рефанд
A43: 181478219 | B43: 45383.409 | C43: Email | D43: 0 | E43: 45383.409 | F43: Агент 4 | G43: Нет ответа | H43: Нет ответа | I43: 8.1018519e-05 | J43: Нет | K43: 0 | L43: 1
A44: 181478880 | B44: 45383.412 | C44: Telegram | D44: 0 | E44: 45383.43 | F44: Агент 5 | G44: 0.0015625 | H44: 45383.414 | I44: 0.018078704 | J44: Нет | K44: 2 | L44: 3 | M44: Проблема_соединения
A45: 181478942 | B45: 45383.412 | C45: WhatsApp | D45: 0 | E45: 45383.927 | F45: Агент 4 | G45: 0.001724537 | H45: 45383.414 | I45: 0.010763889 | J45: Нет | K45: 2 | L45: 2 | M45: Перенос_аккаунта_или_покупки
A46: 181479987 | B46: 45383.417 | C46: WhatsApp | D46: 0 | E46: 45383.544 | F46: Агент 5 | G46: 0.0016435185 | H46: 45383.419 | I46: 0.12738426 | J46: Нет | K46: 5 | L46: 4 | M46: Перенос_преподавателем
A47: 181480145 | B47: 45383.417 | C47: Telegram | D47: 1 | E47: 45383.935 | F47: Агент 5 | G47: 0.00054398148 | H47: 45383.418 | I47: 0.012916667 | J47: Нет | K47: 2 | L47: 5 | M47: Отмена_студентом
A48: 181480248 | B48: 45383.417 | C48: Telegram | D48: 0 | E48: 45383.927 | F48: Агент 4 | G48: 0.00079861111 | H48: 45383.418 | I48: 0.003125 | J48: Нет | K48: 3 | L48: 3 | M48: Отмена_студентом
A49: 181480404 | B49: 45383.418 | C49: WhatsApp | D49: 0 | E49: 45383.496 | F49: Агент 5 | G49: 0.0019675926 | H49: 45383.42 | I49: 0.07806713 | J49: Нет | K49: 3 | L49: 3 | M49: Отмена_студентом
A50: 181480723 | B50: 45383.419 | C50: WhatsApp | D50: 0 | E50: 45383.927 | F50: Агент 3 | G50: 0.00032407407 | H50: 45383.419 | I50: 0.0029976852 | J50: Нет | K50: 2 | L50: 2 | M50: Изменение_постоянного_расписания
A51: 181480760 | B51: 45383.419 | C51: Telegram | D51: 0 | E51: 45383.509 | F51: Агент 5 | G51: 0.00059027778 | H51: 45383.42 | I51: 0.090115741 | J51: Нет | K51: 7 | L51: 6 | M51: Проблема_оплаты
A52: 181482134 | B52: 45383.424 | C52: Telegram | D52: 0 | E52: 45383.927 | F52: Агент 4 | G52: 0.00032407407 | H52: 45383.425 | I52: 0.0017361111 | J52: Нет | K52: 2 | L52: 4 | M52: Отмена_преподавателем
A53: 181484127 | B53: 45383.431 | C53: Telegram | D53: 0 | E53: 45383.438 | F53: Агент 5 | G53: 0.00087962963 | H53: 45383.432 | I53: 0.0064351852 | J53: Нет | K53: 3 | L53: 3 | M53: Проблема_соединения
A54: 181484241 | B54: 45383.432 | C54: WhatsApp | D54: 0 | E54: 45383.935 | F54: Агент 3 | G54: 0.00042824074 | H54: 45383.433 | I54: 0.00056712963 | J54: Да | K54: 1 | L54: 1 | M54: Отчётность_юр_инфа
A55: 181484952 | B55: 45383.435 | C55: Telegram | D55: 0 | E55: 45383.96 | F55: Агент 5 | G55: 0.00021990741 | H55: 45383.435 | I55: 0.017905093 | J55: Нет | K55: 2 | L55: 3 | M55: Вопрос_отзыв_про_студента
... A72: 181493046 | B72: 45383.463 | C72: Telegram | D72: 0 | E72: 45383.467 | F72: Агент 5 | G72: 0.0027662037 | H72: 45383.466 | I72: 0.0043981481 | J72: Нет | K72: 2 | L72: 2 | M72: Изменение_постоянного_расписания
A73: 181493462 | B73: 45383.464 | C73: WhatsApp | D73: 0 | E73: 45383.968 | F73: Агент 3 | G73: Нет ответа | H73: Нет ответа | I73: 0.00054398148 | J73: Нет | K73: 0 | L73: 1 | M73: Старт
A74: 181493580 | B74: 45383.465 | C74: Telegram | D74: 1 | E74: 45383.985 | F74: Агент 4 | G74: 0.0015393519 | H74: 45383.466 | I74: 0.019259259 | J74: Нет | K74: 4 | L74: 4 | M74: Отчётность_юр_инфа
A75: 181494212 | B75: 45383.466 | C75: Telegram | D75: 1 | E75: 45383.487 | F75: Агент 5 | G75: 0.00099537037 | H75: 45383.467 | I75: 0.020358796 | J75: Нет | K75: 6 | L75: 5 | M75: Отчётность_юр_инфа
A76: 181494237 | B76: 45383.466 | C76: Telegram | D76: 2 | E76: 45384.085 | F76: Агент 5 | G76: 0.00079861111 | H76: 45383.468 | I76: 0.11570602 | J76: Нет | K76: 6 | L76: 14 | M76: Рефанд
A77: 181494260 | B77: 45383.467 | C77: WhatsApp | D77: 0 | E77: 45384.002 | F77: Агент 3 | G77: 0.0003587963 | H77: 45383.467 | I77: 0.027858796 | J77: Нет | K77: 3 | L77: 3 | M77: Доступы_ресурсы
A78: 181494264 | B78: 45383.467 | C78: WhatsApp | D78: 0 | E78: 45383.47 | F78: Агент 4 | G78: 0.00069444444 | H78: 45383.467 | I78: 0.0033680556 | J78: Нет | K78: 3 | L78: 3 | M78: Отмена_студентом
A79: 181494403 | B79: 45383.467 | C79: Telegram | D79: 2 | E79: 45384.251 | F79: Агент 5 | G79: 0.0012731481 | H79: 45383.468 | I79: 0.27840278 | J79: Нет | K79: 5 | L79: 6 | M79: Отмена_студентом
A80: 181494458 | B80: 45383.467 | C80: Telegram | D80: 6 | E80: 45393.369 | F80: Агент 7 | G80: 0.00048611111 | H80: 45383.468 | I80: 8.5627315 | J80: Нет | K80: 16 | L80: 25 | M80: Проблема_соединения
A81: 181494500 | B81: 45383.467 | C81: WhatsApp | D81: 0 | E81: 45383.757 | F81: Агент 3 | G81: 0.0009375 | H81: 45383.468 | I81: 0.29015046 | J81: Нет | K81: 4 | L81: 10 | M81: Общий_вопрос_по_оплате
A82: 181494545 | B82: 45383.467 | C82: WhatsApp | D82: 0 | E82: 45383.968 | F82: Агент 4 | G82: Нет ответа | H82: Нет ответа | I82: 0.0002662037 | J82: Нет | K82: 0 | L82: 1 | M82: Спам
A83: 181494738 | B83: 45383.468 | C83: Telegram | D83: 0 | E83: 45384.002 | F83: Агент 5 | G83: 0.00092592593 | H83: 45383.469 | I83: 0.032280093 | J83: Нет | K83: 5 | L83: 8 | M83: Проблема_соединения
A84: 181494946 | B84: 45383.469 | C84: WhatsApp | D84: 2 | E84: 45385.185 | F84: Агент 5 | G84: 0.0023032407 | H84: 45383.471 | I84: 1.2130324 | J84: Нет | K84: 8 | L84: 10 | M84: Проблема_соединения
A85: 181495210 | B85: 45383.47 | C85: WhatsApp | D85: 0 | E85: 45383.993 | F85: Агент 3 | G85: 0.00078703704 | H85: 45383.47 | I85: 0.019733796 | J85: Нет | K85: 3 | L85: 3 | M85: Перенос_студентом
A86: 181495674 | B86: 45383.471 | C86: WhatsApp | D86: 0 | E86: 45384.135 | F86: Агент 4 | G86: 0.00059027778 | H86: 45383.472 | I86: 0.16237269 | J86: Нет | K86: 3 | L86: 3 | M86: Смена_эксперимента_или_покупки
A87: 181496635 | B87: 45383.474 | C87: Telegram | D87: 0 | E87: 45383.48 | F87: Агент 5 | G87: 0.00092592593 | H87: 45383.475 | I87: 0.0056712963 | J87: Да | K87: 1 | L87: 3 | M87: Пауза_студент
A88: 181496876 | B88: 45383.475 | C88: Telegram | D88: 1 | E88: 45384.01 | F88: Агент 5 | G88: 0.004837963 | H88: 45383.48 | I88: 0.030590278 | J88: Нет | K88: 4 | L88: 9 | M88: Авторизация_Стафф
A89: 181497661 | B89: 45383.478 | C89: Telegram | D89: 0 | E89: 45383.985 | F89: Агент 3 | G89: 0.00021990741 | H89: 45383.479 | I89: 0.0039351852 | J89: Нет | K89: 4 | L89: 5 | M89: Общий_вопрос_по_оплате
A90: 181497921 | B90: 45383.479 | C90: Telegram | D90: 7 | E90: 45384.043 | F90: Агент 4 | G90: 0.00030092593 | H90: 45383.48 | I90: 0.057858796 | J90: Нет | K90: 14 | L90: 23 | M90: Отчётность_юр_инфа
A91: 181498258 | B91: 45383.48 | C91: WhatsApp | D91: 0 | E91: 45383.556 | F91: Агент 5 | G91: 0.00079861111 | H91: 45383.481 | I91: 0.075821759 | J91: Нет | K91: 2 | L91: 2 | M91: Селфстади
A92: 181499923 | B92: 45383.486 | C92: WhatsApp | D92: 0 | E92: 45384.01 | F92: Агент 5 | G92: 0.0020949074 | H92: 45383.488 | I92: 0.018043981 | J92: Нет | K92: 4 | L92: 4 | M92: Доступы_ресурсы
A93: 181500487 | B93: 45383.488 | C93: Telegram | D93: 0 | E93: 45384.051 | F93: Агент 5 | G93: 0 | H93: =B93 -> 45383.488 | I93: 0.058715278 | J93: Нет | K93: 3 | L93: 2 | M93: Селфстади
A94: 181500686 | B94: 45383.489 | C94: Telegram | D94: 0 | E94: 45383.49 | F94: Агент 3 | G94: 0 | H94: =B94 -> 45383.489 | I94: 0.0010532407 | J94: Да | K94: 1 | L94: 1 | M94: Перенос_студентом
A95: 181504037 | B95: 45383.501 | C95: WhatsApp | D95: 0 | E95: 45383.532 | F95: Агент 3 | G95: 0.0019907407 | H95: 45383.503 | I95: 0.03150463 | J95: Да | K95: 1 | L95: 5 | M95: Изменение_постоянного_расписания
A96: 181504854 | B96: 45383.502 | C96: Email | D96: 0 | E96: 45383.504 | F96: Агент 3 | G96: Нет ответа | H96: Нет ответа | I96: 0.001400463 | J96: Нет | K96: 0 | L96: 1 | M96: Пауза_преподаватель
A97: 181505677 | B97: 45383.505 | C97: Telegram | D97: 0 | E97: 45383.51 | F97: Агент 5 | G97: 0.00061342593 | H97: 45383.505 | I97: 0.0054282407 | J97: Нет | K97: 4 | L97: 5 | M97: Изменение_постоянного_расписания
A98: 181506355 | B98: 45383.507 | C98: Telegram | D98: 0 | E98: 45384.01 | F98: Агент 4 | G98: 0.00068287037 | H98: 45383.508 | I98: 0.0029861111 | J98: Нет | K98: 2 | L98: 2 | M98: Отмена_преподавателем
A99: 181506681 | B99: 45383.508 | C99: Telegram | D99: 1 | E99: 45383.767 | F99: Агент 5 | G99: 0.0057986111 | H99: 45383.514 | I99: 0.10023148 | J99: Нет | K99: 2 | L99: 4 | M99: Проблема_соединения
A100: 181508668 | B100: 45383.513 | C100: WhatsApp | D100: 0 | E100: 45384.462 | F100: Агент 1 | G100: 0.0012268519 | H100: 45383.514 | I100: 0.44425926 | J100: Нет | K100: 3 | L100: 4 | M100: Рефанд
A101: 181509075 | B101: 45383.514 | C101: Telegram | D101: 1 | E101: 45384.027 | F101: Агент 5 | G101: 0.00068287037 | H101: 45383.515 | I101: 0.0054282407 | J101: Нет | K101: 2 | L101: 8 | M101: Проблема_соединения
A102: 181509102 | B102: 45383.514 | C102: Telegram | D102: 0 | E102: 45384.018 | F102: Агент 4 | G102: Нет ответа | H102: Нет ответа | I102: 0.0010300926 | J102: Нет | K102: 0 | L102: 3 | M102: Старт
A103: 181509756 | B103: 45383.516 | C103: Telegram | D103: 0 | E103: 45384.027 | F103: Агент 5 | G103: 0.00046296296 | H103: 45383.517 | I103: 0.0086458333 | J103: Нет | K103: 3 | L103: 2 | M103: Не_пришёл_опоздал_студент
A104: 181510598 | B104: 45383.519 | C104: Telegram | D104: 0 | E104: 45383.526 | F104: Агент 3 | G104: 0.0020023148 | H104: 45383.521 | I104: 0.0064930556 | J104: Нет | K104: 3 | L104: 4 | M104: Возобновление_обучения
A105: 181511324 | B105: 45383.522 | C105: Telegram | D105: 0 | E105: 45383.65 | F105: Агент 4 | G105: 0.0021064815 | H105: 45383.626 | I105: 0.12782407 | J105: Нет | K105: 5 | L105: 6 | M105: Отмена_студентом
A106: 181511693 | B106: 45383.523 | C106: Telegram | D106: 0 | E106: 45384.035 | F106: Агент 5 | G106: 0 | H106: =B106 -> 45383.523 | I106: 0.0081018519 | J106: Нет | K106: 2 | L106: 2 | M106: Не_пришёл_опоздал_студент
A107: 181511765 | B107: 45383.523 | C107: Telegram | D107: 0 | E107: 45384.027 | F107: Агент 5 | G107: Нет ответа | H107: Нет ответа | I107: 0.0019212963 | J107: Нет | K107: 0 | L107: 1 | M107: Старт
A108: 181511767 | B108: 45383.523 | C108: Telegram | D108: 1 | E108: 45384.043 | F108: Агент 4 | G108: 0.0017824074 | H108: 45383.525 | I108: 0.012361111 | J108: Нет | K108: 3 | L108: 3 | M108: Пауза_студент
A109: 181512335 | B109: 45383.525 | C109: Telegram | D109: 0 | E109: 45383.526 | F109: Агент 3 | G109: 0.00084490741 | H109: 45383.526 | I109: 0.0012268519 | J109: Нет | K109: 2 | L109: 2 | M109: Отмена_преподавателем
A110: 181513809 | B110: 45383.531 | C110: Telegram | D110: 0 | E110: 45384.051 | F110: Агент 5 | G110: 0.0010532407 | H110: 45383.532 | I110: 0.016087963 | J110: Да | K110: 1 | L110: 1 | M110: Рабочие_процессы_и_правила
A111: 181515023 | B111: 45383.535 | C111: Telegram | D111: 0 | E111: 45384.043 | F111: Агент 4 | G111: 0.00056712963 | H111: 45383.536 | I111: 0.0015162037 | J111: Да | K111: 1 | L111: 2 | M111: Отмена_преподавателем
A112: 181515060 | B112: 45383.535 | C112: Telegram | D112: 0 | E112: 45384.051 | F112: Агент 5 | G112: 0.0023958333 | H112: 45383.538 | I112: 0.0090972222 | J112: Нет | K112: 2 | L112: 5 | M112: Другие_баги
A113: 181515299 | B113: 45383.536 | C113: Telegram | D113: 0 | E113: 45383.539 | F113: Агент 3 | G113: 0.0027777778 | H113: 45383.539 | I113: 0.0031597222 | J113: Да | K113: 1 | L113: 2 | M113: Вопросы_про_расписание
A114: 181516653 | B114: 45383.541 | C114: WhatsApp | D114: 0 | E114: 45383.556 | F114: Агент 5 | G114: 0.0012615741 | H114: 45383.542 | I114: 0.014756944 | J114: Нет | K114: 4 | L114: 4 | M114: Перенос_студентом
A115: 181516956 | B115: 45383.542 | C115: Telegram | D115: 0 | E115: 45384.051 | F115: Агент 4 | G115: 0.0020833333 | H115: 45383.544 | I115: 0.0052893519 | J115: Да | K115: 1 | L115: 1 | M115: Увольнение
A116: 181518202 | B116: 45383.547 | C116: WhatsApp | D116: 4 | E116: 45384.06 | F116: Агент 5 | G116: 0.0011458333 | H116: 45383.548 | I116: 0.0053009259 | J116: Нет | K116: 4 | L116: 9 | M116: Проблема_соединения
A117: 181519254 | B117: 45383.55 | C117: Telegram | D117: 0 | E117: 45383.568 | F117: Агент 5 | G117: 0 | H117: =B117 -> 45383.55 | I117: 0.017685185 | J117: Нет | K117: 2 | L117: 1 | M117: Проблема_соединения
A118: 181519675 | B118: 45383.552 | C118: Telegram | D118: 0 | E118: 45384.06 | F118: Агент 3 | G118: 0.0017013889 | H118: 45383.554 | I118: 0.0018287037 | J118: Да | K118: 1 | L118: 1 | M118: Отмена_преподавателем
A119: 181520792 | B119: 45383.555 | C119: Telegram | D119: 0 | E119: 45383.565 | F119: Агент 5 | G119: 0.0011226852 | H119: 45383.557 | I119: 0.009375 | J119: Нет | K119: 4 | L119: 4 | M119: Возобновление_обучения
A120: 181520868 | B120: 45383.556 | C120: Telegram | D120: 2 | E120: 45383.583 | F120: Агент 4 | G120: 0.0051273148 | H120: 45383.561 | I120: 0.027164352 | J120: Нет | K120: 4 | L120: 3 | M120: Авторизация_Стафф
A121: 181521093 | B121: 45383.556 | C121: Telegram | D121: 1 | E121: 45384.093 | F121: Агент 3 | G121: 0.0056712963 | H121: 45383.562 | I121: 0.03287037 | J121: Нет | K121: 3 | L121: 2 | M121: Вопрос_отзыв_про_студента
A122: 181521401 | B122: 45383.557 | C122: Telegram | D122: 3 | E122: 45384.101 | F122: Агент 5 | G122: 0.000625 | H122: 45383.558 | I122: 0.042685185 | J122: Нет | K122: 8 | L122: 7 | M122: Другие_баги
A123: 181522129 | B123: 45383.56 | C123: Telegram | D123: 0 | E123: 45383.767 | F123: Агент 5 | G123: 0.0014351852 | H123: 45383.562 | I123: 0.047395833 | J123: Да | K123: 1 | L123: 2 | M123: Другие_баги
A124: 181522450 | B124: 45383.562 | C124: Telegram | D124: 0 | E124: 45383.609 | F124: Агент 4 | G124: 0.0015162037 | H124: 45383.563 | I124: 0.046944444 | J124: Да | K124: 1 | L124: 2 | M124: Вопрос_про_спикинги
A125: 181523288 | B125: 45383.564 | C125: Telegram | D125: 0 | E125: 45383.576 | F125: Агент 5 | G125: 0.0020833333 | H125: 45383.567 | I125: 0.011712963 | J125: Нет | K125: 3 | L125: 6 | M125: Проблема_оплаты
A126: 181523484 | B126: 45383.565 | C126: Telegram | D126: 0 | E126: 45383.579 | F126: Агент 5 | G126: 0.0028819444 | H126: 45383.568 | I126: 0.014710648 | J126: Нет | K126: 4 | L126: 4 | M126: Вопросы_про_расписание
A127: 181523911 | B127: 45383.566 | C127: WhatsApp | D127: 0 | E127: 45384.711 | F127: Агент 1 | G127: 0.00049768519 | H127: 45383.567 | I127: 0.63751157 | J127: Нет | K127: 3 | L127: 4 | M127: Рефанд
...

Sheet new
A1: номер запроса | B1: время получения | C1: канал запроса | D1: вложения | E1: дата изменения статуса | F1: назначенный агент | G1: время первого ответа | H1: дата первого ответа | I1: время выполнения | J1: выполнен первым ответом | K1: Количество ответов агента | L1: Количество ответов клиента | M1: Флоу
A2: 185967307 | B2: 45413.001 | C2: WhatsApp | D2: 0 | E2: 45413.511 | F2: Агент 1 | G2: 0.00094907407 | H2: 45413.002 | I2: 0.0040277778 | J2: Нет | K2: 3 | L2: 4 | M2: Перенос_студентом
A3: 185967717 | B3: 45413.005 | C3: Telegram | D3: 0 | E3: 45413.561 | F3: Агент 1 | G3: 0 | H3: =B3 -> 45413.005 | I3: 0.053310185 | J3: Нет | K3: 2 | L3: 1 | M3: Перенос_студентом
A4: 185969797 | B4: 45413.033 | C4: Telegram | D4: 0 | E4: 45413.544 | F4: Агент 1 | G4: 0.006412037 | H4: 45413.04 | I4: 0.0078587963 | J4: Нет | K4: 3 | L4: 2 | M4: История_занятий_преподавателя
A5: 185970380 | B5: 45413.044 | C5: Telegram | D5: 0 | E5: 45413.552 | F5: Агент 1 | G5: 0.00034722222 | H5: 45413.044 | I5: 0.0018402778 | J5: Нет | K5: 3 | L5: 3 | M5: Отмена_преподавателем
A6: 185971899 | B6: 45413.073 | C6: Email | D6: 0 | E6: 45413.577 | F6: Агент 1 | G6: Нет ответа | H6: Нет ответа | I6: 0.00091435185 | J6: Нет | K6: 0 | L6: 1 | M6: Отмена_преподавателем
A7: 185973796 | B7: 45413.117 | C7: WhatsApp | D7: 1 | E7: 45413.619 | F7: Агент 1 | G7: 0.00060185185 | H7: 45413.117 | I7: 0.00078703704 | J7: Да | K7: 1 | L7: 1 | M7: Отмена_студентом
A8: 185975392 | B8: 45413.151 | C8: Email | D8: 0 | E8: 45413.652 | F8: Агент 1 | G8: Нет ответа | H8: Нет ответа | I8: 0.0010069444 | J8: Нет | K8: 0 | L8: 1 | M8: Пауза_преподаватель
A9: 185978794 | B9: 45413.236 | C9: Email | D9: 0 | E9: 45413.744 | F9: Агент 1 | G9: Нет ответа | H9: Нет ответа | I9: 0.00082175926 | J9: Нет | K9: 0 | L9: 1 | M9: Пауза_преподаватель
A10: 185979356 | B10: 45413.25 | C10: Email | D10: 0 | E10: 45413.752 | F10: Агент 1 | G10: Нет ответа | H10: Нет ответа | I10: 0.0013310185 | J10: Нет | K10: 0 | L10: 1 | M10: Отмена_преподавателем
A11: 185981275 | B11: 45413.287 | C11: Telegram | D11: 1 | E11: 45413.794 | F11: Агент 1 | G11: 0.00061342593 | H11: 45413.288 | I11: 0.0027430556 | J11: Нет | K11: 3 | L11: 3 | M11: Селфстади
A12: 185981330 | B12: 45413.288 | C12: WhatsApp | D12: 6 | E12: 45413.819 | F12: Агент 1 | G12: 0.0018171296 | H12: 45413.29 | I12: 0.025972222 | J12: Нет | K12: 7 | L12: 14 | M12: Проблема_соединения
A13: 185981628 | B13: 45413.293 | C13: Telegram | D13: 1 | E13: 45413.802 | F13: Агент 1 | G13: 0 | H13: =B13 -> 45413.293 | I13: 0.0050925926 | J13: Нет | K13: 2 | L13: 3 | M13: Проблема_соединения
A14: 185981923 | B14: 45413.298 | C14: Telegram | D14: 1 | E14: 45413.927 | F14: Агент 6 | G14: 0.00059027778 | H14: 45413.298 | I14: 0.12138889 | J14: Нет | K14: 6 | L14: 9 | M14: Не_пришёл_опоздал_преподаватель
A15: 185982105 | B15: 45413.301 | C15: Telegram | D15: 0 | E15: 45413.802 | F15: Агент 1 | G15: 0 | H15: =B15 -> 45413.301 | I15: 0.00021990741 | J15: Да | K15: 1 | L15: 0 | M15: Не_пришёл_опоздал_преподаватель
A16: 185982112 | B16: 45413.301 | C16: WhatsApp | D16: 1 | E16: 45413.819 | F16: Агент 1 | G16: 0.0006712963 | H16: 45413.302 | I16: 0.010659722 | J16: Нет | K16: 3 | L16: 5 | M16: Не_пришёл_опоздал_студент
A17: 185982142 | B17: 45413.302 | C17: Telegram | D17: 0 | E17: 45414.302 | F17: Агент 6 | G17: 0.00019675926 | H17: 45413.302 | I17: 0.49305556 | J17: Нет | K17: 4 | L17: 5 | M17: Отмена_преподавателем
A18: 185982174 | B18: 45413.302 | C18: Telegram | D18: 0 | E18: 45413.811 | F18: Агент 1 | G18: 0.0040972222 | H18: 45413.306 | I18: 0.0045601852 | J18: Да | K18: 1 | L18: 1 | M18: Отмена_преподавателем
A19: 185982205 | B19: 45413.302 | C19: Email | D19: 0 | E19: 45413.819 | F19: Агент 1 | G19: Нет ответа | H19: Нет ответа | I19: 0.010509259 | J19: Нет | K19: 0 | L19: 1 | M19: Отмена_преподавателем
A20: 185982378 | B20: 45413.305 | C20: Telegram | D20: 0 | E20: 45413.811 | F20: Агент 1 | G20: 0 | H20: =B20 -> 45413.305 | I20: 0.0002662037 | J20: Да | K20: 1 | L20: 0 | M20: Отмена_преподавателем
A21: 185983769 | B21: 45413.326 | C21: Telegram | D21: 0 | E21: 45413.836 | F21: Агент 1 | G21: 0.00040509259 | H21: 45413.326 | I21: 0.0042476852 | J21: Нет | K21: 2 | L21: 2 | M21: Перенос_преподавателем
A22: 185984165 | B22: 45413.331 | C22: Email | D22: 0 | E22: 45413.836 | F22: Агент 1 | G22: Нет ответа | H22: Нет ответа | I22: 0.00082175926 | J22: Нет | K22: 0 | L22: 1 | M22: Пауза_преподаватель
A23: 185984772 | B23: 45413.336 | C23: Telegram | D23: 2 | E23: 45413.852 | F23: Агент 6 | G23: 0.0015393519 | H23: 45413.339 | I23: 0.013900463 | J23: Нет | K23: 4 | L23: 5 | M23: Пауза_студент
A24: 185984953 | B24: 45413.339 | C24: Telegram | D24: 0 | E24: 45413.96 | F24: Агент 7 | G24: 0.00041666667 | H24: 45413.339 | I24: 0.12033565 | J24: Нет | K24: 2 | L24: 2 | M24: Проблема_соединения
A25: 185985501 | B25: 45413.344 | C25: Telegram | D25: 0 | E25: 45413.861 | F25: Агент 6 | G25: 0.0009375 | H25: 45413.345 | I25: 0.0094675926 | J25: Нет | K25: 4 | L25: 5 | M25: Не_пришёл_опоздал_студент
A26: 185987171 | B26: 45413.362 | C26: WhatsApp | D26: 0 | E26: 45414.185 | F26: Агент 6 | G26: 0.0016782407 | H26: 45413.363 | I26: 0.3175463 | J26: Нет | K26: 5 | L26: 8 | M26: Отмена_студентом
A27: 185987424 | B27: 45413.364 | C27: Telegram | D27: 0 | E27: 45413.902 | F27: Агент 6 | G27: 0.0032175926 | H27: 45413.369 | I27: 0.030185185 | J27: Нет | K27: 9 | L27: 13 | M27: Назначить_занятия
A28: 185988457 | B28: 45413.375 | C28: Telegram | D28: 0 | E28: 45413.894 | F28: Агент 6 | G28: 0.00056712963 | H28: 45413.376 | I28: 0.010844907 | J28: Нет | K28: 3 | L28: 3 | M28: История_занятий_преподавателя
A29: 185989595 | B29: 45413.381 | C29: Telegram | D29: 3 | E29: 45413.993 | F29: Агент 7 | G29: 0.0010185185 | H29: 45413.382 | I29: 0.10440972 | J29: Нет | K29: 5 | L29: 9 | M29: Уведомления_смс
A30: 185989600 | B30: 45413.381 | C30: Telegram | D30: 2 | E30: 45414.201 | F30: Агент 6 | G30: 0.0029050926 | H30: 45413.384 | I30: 0.31684028 | J30: Нет | K30: 7 | L30: 15 | M30: История_занятий_преподавателя
A31: 185989993 | B31: 45413.385 | C31: Telegram | D31: 0 | E31: 45413.894 | F31: Агент 7 | G31: 0.00032407407 | H31: 45413.385 | I31: 0.0088425926 | J31: Нет | K31: 6 | L31: 7 | M31: Отмена_преподавателем
A32: 185990090 | B32: 45413.385 | C32: WhatsApp | D32: 2 | E32: 45413.902 | F32: Агент 6 | G32: 0.00042824074 | H32: 45413.386 | I32: 0.0092361111 | J32: Нет | K32: 8 | L32: 11 | M32: Пауза_студент
A33: 185990495 | B33: 45413.387 | C33: Telegram | D33: 1 | E33: 45415.252 | F33: Агент 6 | G33: 0.00099537037 | H33: 45413.388 | I33: 1.3618287 | J33: Нет | K33: 14 | L33: 23 | M33: Вопросы_отзывы_о_преподавателях
A34: 185991984 | B34: 45413.398 | C34: Telegram | D34: 0 | E34: 45413.911 | F34: Агент 6 | G34: 0.0040046296 | H34: 45413.402 | I34: 0.0064467593 | J34: Нет | K34: 2 | L34: 2 | M34: Перенос_преподавателем
... A52: 186004886 | B52: 45413.473 | C52: WhatsApp | D52: 0 | E52: 45413.985 | F52: Агент 8 | G52: 0.00015046296 | H52: 45413.473 | I52: 0.0037847222 | J52: Да | K52: 1 | L52: 1 | M52: Старт
A53: 186004921 | B53: 45413.474 | C53: Telegram | D53: 0 | E53: 45413.985 | F53: Агент 7 | G53: 0 | H53: =B53 -> 45413.474 | I53: 0.010532407 | J53: Нет | K53: 3 | L53: 4 | M53: Не_пришёл_опоздал_преподаватель
A54: 186006257 | B54: 45413.481 | C54: WhatsApp | D54: 0 | E54: 45414.06 | F54: Агент 6 | G54: 0.0011921296 | H54: 45413.482 | I54: 0.073946759 | J54: Нет | K54: 3 | L54: 3 | M54: Пауза_студент
A55: 186006937 | B55: 45413.485 | C55: Telegram | D55: 0 | E55: 45418.936 | F55: Агент 7 | G55: 0.0013310185 | H55: 45413.487 | I55: 4.1078241 | J55: Нет | K55: 3 | L55: 2 | M55: Выплаты_преподавателям
A56: 186006941 | B56: 45413.485 | C56: WhatsApp | D56: 0 | E56: 45414.027 | F56: Агент 8 | G56: 0.00041666667 | H56: 45413.486 | I56: 0.034039352 | J56: Нет | K56: 3 | L56: 2 | M56: Вопросы_отзывы_о_преподавателях
A57: 186008291 | B57: 45413.493 | C57: WhatsApp | D57: 0 | E57: 45415.135 | F57: Агент 8 | G57: 0.0022800926 | H57: 45413.495 | I57: 1.1339005 | J57: Нет | K57: 3 | L57: 10 | M57: Доступы_ресурсы
A58: 186009747 | B58: 45413.5 | C58: Telegram | D58: 2 | E58: 45414.01 | F58: Агент 7 | G58: 0.0015277778 | H58: 45413.502 | I58: 0.0061805556 | J58: Нет | K58: 3 | L58: 3 | M58: Таскгайд
A59: 186009926 | B59: 45413.501 | C59: Email | D59: 0 | E59: 45414.01 | F59: Агент 7 | G59: Нет ответа | H59: Нет ответа | I59: 0.0020023148 | J59: Нет | K59: 0 | L59: 1 | M59: Пауза_преподаватель
A60: 186010354 | B60: 45413.503 | C60: Telegram | D60: 0 | E60: 45414.01 | F60: Агент 8 | G60: 0.0032986111 | H60: 45413.506 | I60: 0.0034953704 | J60: Да | K60: 1 | L60: 1 | M60: Вопросы_отзывы_о_преподавателях
A61: 186010509 | B61: 45413.504 | C61: Telegram | D61: 0 | E61: 45414.01 | F61: Агент 6 | G61: 0.0013310185 | H61: 45413.505 | I61: 0.0033217593 | J61: Нет | K61: 2 | L61: 2 | M61: Пауза_студент
A62: 186010928 | B62: 45413.506 | C62: WhatsApp | D62: 0 | E62: 45414.018 | F62: Агент 7 | G62: 0.0015393519 | H62: 45413.508 | I62: 0.0041550926 | J62: Нет | K62: 2 | L62: 2 | M62: Отмена_преподавателем
A63: 186011149 | B63: 45413.507 | C63: WhatsApp | D63: 0 | E63: 45415.035 | F63: Агент 8 | G63: 0.00042824074 | H63: 45413.508 | I63: 1.020162 | J63: Нет | K63: 5 | L63: 7 | M63: Рефанд
A64: 186011704 | B64: 45413.511 | C64: Telegram | D64: 3 | E64: 45414.018 | F64: Агент 6 | G64: 0.00048611111 | H64: 45413.511 | I64: 0.0030671296 | J64: Нет | K64: 4 | L64: 5 | M64: Вопрос_по_английскому
A65: 186014397 | B65: 45413.526 | C65: Telegram | D65: 0 | E65: 45414.035 | F65: Агент 7 | G65: 0.00061342593 | H65: 45413.526 | I65: 0.0027662037 | J65: Нет | K65: 3 | L65: 4 | M65: Вопрос_отзыв_про_студента
A66: 186014443 | B66: 45413.526 | C66: Telegram | D66: 0 | E66: 45414.043 | F66: Агент 8 | G66: 0.00053240741 | H66: 45413.527 | I66: 0.014074074 | J66: Нет | K66: 8 | L66: 16 | M66: Рабочие_процессы_и_правила
A67: 186016149 | B67: 45413.536 | C67: Telegram | D67: 0 | E67: 45414.043 | F67: Агент 6 | G67: 0.00086805556 | H67: 45413.537 | I67: 0.004525463 | J67: Нет | K67: 3 | L67: 3 | M67: Отмена_студентом
A68: 186016695 | B68: 45413.539 | C68: Telegram | D68: 0 | E68: 45414.052 | F68: Агент 7 | G68: 0.00055555556 | H68: 45413.54 | I68: 0.0090972222 | J68: Нет | K68: 6 | L68: 6 | M68: Перенос_преподавателем
A69: 186016782 | B69: 45413.54 | C69: Telegram | D69: 3 | E69: 45414.226 | F69: Агент 8 | G69: 0.0010069444 | H69: 45413.541 | I69: 0.18136574 | J69: Нет | K69: 5 | L69: 8 | M69: Другие_баги
A70: 186018402 | B70: 45413.546 | C70: Telegram | D70: 0 | E70: 45414.093 | F70: Агент 7 | G70: 0 | H70: =B70 -> 45413.546 | I70: 0.046087963 | J70: Нет | K70: 4 | L70: 2 | M70: Перенос_преподавателем
A71: 186019329 | B71: 45413.551 | C71: Telegram | D71: 0 | E71: 45414.06 | F71: Агент 6 | G71: 0.0013078704 | H71: 45413.553 | I71: 0.0034143519 | J71: Нет | K71: 3 | L71: 2 | M71: Проблема_оплаты
A72: 186021661 | B72: 45413.561 | C72: Telegram | D72: 6 | E72: 45414.126 | F72: Агент 7 | G72: 0.00039351852 | H72: 45413.563 | I72: 0.061446759 | J72: Нет | K72: 14 | L72: 27 | M72: Аккаунт_авторизация_на_платформе
A73: 186023996 | B73: 45413.572 | C73: Telegram | D73: 0 | E73: 45414.101 | F73: Агент 8 | G73: 0.00059027778 | H73: 45413.572 | I73: 0.024594907 | J73: Нет | K73: 2 | L73: 3 | M73: Вопрос_по_английскому
A74: 186026264 | B74: 45413.583 | C74: Telegram | D74: 2 | E74: 45414.168 | F74: Агент 6 | G74: 0.0012037037 | H74: 45413.584 | I74: 0.078831019 | J74: Нет | K74: 3 | L74: 4 | M74: Отмена_преподавателем
A75: 186026743 | B75: 45413.584 | C75: Telegram | D75: 0 | E75: 45414.11 | F75: Агент 7 | G75: 0.00046296296 | H75: 45413.586 | I75: 0.01943287 | J75: Нет | K75: 3 | L75: 3 | M75: Перенос_студентом
A76: 186027026 | B76: 45413.585 | C76: WhatsApp | D76: 0 | E76: 45414.093 | F76: Агент 8 | G76: 0.0015046296 | H76: 45413.587 | I76: 0.0047222222 | J76: Да | K76: 1 | L76: 1 | M76: Не_пришёл_опоздал_студент
A77: 186027888 | B77: 45413.59 | C77: Telegram | D77: 0 | E77: 45414.101 | F77: Агент 6 | G77: 0.0033796296 | H77: 45413.593 | I77: 0.0038310185 | J77: Нет | K77: 2 | L77: 2 | M77: Отмена_студентом
A78: 186027918 | B78: 45413.59 | C78: Email | D78: 0 | E78: 45413.6 | F78: Агент 6 | G78: Нет ответа | H78: Нет ответа | I78: 0.0082407407 | J78: Нет | K78: 0 | L78: 1 | M78: Пауза_преподаватель
A79: 186029516 | B79: 45413.598 | C79: Telegram | D79: 0 | E79: 45414.11 | F79: Агент 7 | G79: 0.0010532407 | H79: 45413.599 | I79: 0.0091782407 | J79: Нет | K79: 3 | L79: 3 | M79: Перенос_преподавателем
A80: 186031213 | B80: 45413.606 | C80: Telegram | D80: 0 | E80: 45414.11 | F80: Агент 8 | G80: 0.00084490741 | H80: 45413.607 | I80: 0.0026041667 | J80: Да | K80: 1 | L80: 2 | M80: Пауза_преподаватель
A81: 186033571 | B81: 45413.619 | C81: Telegram | D81: 0 | E81: 45414.135 | F81: Агент 6 | G81: 0.0027430556 | H81: 45413.622 | I81: 0.0090046296 | J81: Нет | K81: 4 | L81: 4 | M81: Отмена_преподавателем
A82: 186033620 | B82: 45413.619 | C82: Telegram | D82: 0 | E82: 45414.193 | F82: Агент 7 | G82: 0.00083333333 | H82: 45413.62 | I82: 0.024305556 | J82: Нет | K82: 5 | L82: 4 | M82: Увольнение
A83: 186034288 | B83: 45413.623 | C83: Telegram | D83: 1 | E83: 45414.126 | F83: Агент 8 | G83: 0.0027777778 | H83: 45413.626 | I83: 0.0030902778 | J83: Да | K83: 1 | L83: 1 | M83: Проблема_соединения
A84: 186035080 | B84: 45413.626 | C84: Email | D84: 0 | E84: 45414.135 | F84: Агент 8 | G84: Нет ответа | H84: Нет ответа | I84: 0.00027777778 | J84: Нет | K84: 0 | L84: 1 | M84: Пауза_преподаватель
A85: 186035613 | B85: 45413.629 | C85: Telegram | D85: 0 | E85: 45414.218 | F85: Агент 6 | G85: 0.0035416667 | H85: 45413.632 | I85: 0.082210648 | J85: Нет | K85: 4 | L85: 10 | M85: Отмена_преподавателем
A86: 186035917 | B86: 45413.63 | C86: WhatsApp | D86: 0 | E86: 45414.151 | F86: Агент 7 | G86: 0.00086805556 | H86: 45413.631 | I86: 0.016319444 | J86: Нет | K86: 4 | L86: 6 | M86: Пауза_студент
A87: 186036955 | B87: 45413.635 | C87: WhatsApp | D87: 1 | E87: 45414.143 | F87: Агент 8 | G87: 0.0018865741 | H87: 45413.637 | I87: 0.0034722222 | J87: Нет | K87: 3 | L87: 1 | M87: Проблема_со_скидкой
A88: 186041153 | B88: 45413.655 | C88: Telegram | D88: 0 | E88: 45414.16 | F88: Агент 6 | G88: 0.0002662037 | H88: 45413.655 | I88: 0.0041898148 | J88: Нет | K88: 3 | L88: 6 | M88: Отмена_преподавателем
A89: 186041887 | B89: 45413.658 | C89: Telegram | D89: 0 | E89: 45414.176 | F89: Агент 7 | G89: 0.0023611111 | H89: 45413.66 | I89: 0.017615741 | J89: Нет | K89: 4 | L89: 10 | M89: Пауза_студент
A90: 186045071 | B90: 45413.674 | C90: Telegram | D90: 0 | E90: 45414.185 | F90: Агент 8 | G90: 0.0012037037 | H90: 45413.675 | I90: 0.0098611111 | J90: Да | K90: 1 | L90: 2 | M90: Вопрос_отзыв_про_студента
A91: 186046300 | B91: 45413.679 | C91: Telegram | D91: 0 | E91: 45414.21 | F91: Агент 6 | G91: 0.0032291667 | H91: 45413.683 | I91: 0.028113426 | J91: Нет | K91: 2 | L91: 3 | M91: Запись_уроков
A92: 186047598 | B92: 45413.686 | C92: Telegram | D92: 1 | E92: 45414.226 | F92: Агент 7 | G92: 0.00083333333 | H92: 45413.687 | I92: 0.035081019 | J92: Нет | K92: 13 | L92: 18 | M92: Отмена_студентом
A93: 186047604 | B93: 45413.686 | C93: Telegram | D93: 0 | E93: 45414.193 | F93: Агент 8 | G93: 0.00078703704 | H93: 45413.687 | I93: 0.0011458333 | J93: Да | K93: 1 | L93: 1 | M93: Отмена_преподавателем
A94: 186048178 | B94: 45413.688 | C94: Telegram | D94: 0 | E94: 45414.201 | F94: Агент 6 | G94: 0.00083333333 | H94: 45413.689 | I94: 0.0098842593 | J94: Нет | K94: 4 | L94: 6 | M94: История_занятий_преподавателя
A95: 186048462 | B95: 45413.69 | C95: Telegram | D95: 0 | E95: 45414.193 | F95: Агент 7 | G95: 0.00038194444 | H95: 45413.69 | I95: 0.00052083333 | J95: Да | K95: 1 | L95: 2 | M95: Старт
A96: 186048790 | B96: 45413.692 | C96: Telegram | D96: 2 | E96: 45414.226 | F96: Агент 8 | G96: 0.0012037037 | H96: 45413.693 | I96: 0.027210648 | J96: Нет | K96: 7 | L96: 7 | M96: Проблема_со_скидкой
... A107: 186058130 | B107: 45413.734 | C107: Telegram | D107: 1 | E107: 45414.26 | F107: Агент 7 | G107: 0.00092592593 | H107: 45413.735 | I107: 0.022453704 | J107: Нет | K107: 2 | L107: 2 | M107: Не_пришёл_опоздал_преподаватель
A108: 186058627 | B108: 45413.736 | C108: Telegram | D108: 0 | E108: 45414.243 | F108: Агент 7 | G108: 0 | H108: =B108 -> 45413.736 | I108: 0.0052199074 | J108: Нет | K108: 3 | L108: 4 | M108: Не_пришёл_опоздал_преподаватель
A109: 186059933 | B109: 45413.742 | C109: Telegram | D109: 0 | E109: 45414.285 | F109: Агент 8 | G109: 0.00037037037 | H109: 45413.743 | I109: 0.035162037 | J109: Нет | K109: 2 | L109: 5 | M109: Не_пришёл_опоздал_студент
A110: 186061167 | B110: 45413.749 | C110: Telegram | D110: 0 | E110: 45414.268 | F110: Агент 6 | G110: 0.0016087963 | H110: 45413.751 | I110: 0.013611111 | J110: Нет | K110: 2 | L110: 4 | M110: Пауза_студент
A111: 186061217 | B111: 45413.75 | C111: WhatsApp | D111: 2 | E111: 45414.302 | F111: Агент 7 | G111: 0.0015046296 | H111: 45413.751 | I111: 0.044293981 | J111: Нет | K111: 4 | L111: 7 | M111: Отмена_студентом
A112: 186061243 | B112: 45413.75 | C112: Telegram | D112: 0 | E112: 45414.251 | F112: Агент 8 | G112: Нет ответа | H112: Нет ответа | I112: 0.0009837963 | J112: Нет | K112: 0 | L112: 1 | M112: Старт
A113: 186061248 | B113: 45413.75 | C113: Telegram | D113: 1 | E113: 45414.26 | F113: Агент 6 | G113: 0.0012152778 | H113: 45413.751 | I113: 0.007037037 | J113: Нет | K113: 2 | L113: 2 | M113: Исправления
A114: 186064656 | B114: 45413.766 | C114: Telegram | D114: 0 | E114: 45414.285 | F114: Агент 8 | G114: 0.0023842593 | H114: 45413.768 | I114: 0.010706019 | J114: Нет | K114: 2 | L114: 2 | M114: Смена_уровня_преподаватель
A115: 186065199 | B115: 45413.769 | C115: WhatsApp | D115: 0 | E115: 45414.285 | F115: Агент 6 | G115: 0.001724537 | H115: 45413.77 | I115: 0.0087268519 | J115: Нет | K115: 4 | L115: 9 | M115: Вопрос_отзыв_про_студента
A116: 186068593 | B116: 45413.785 | C116: Telegram | D116: 0 | E116: 45414.293 | F116: Агент 8 | G116: Нет ответа | H116: Нет ответа | I116: 0.0030787037 | J116: Нет | K116: 0 | L116: 1 | M116: Старт
A117: 186068692 | B117: 45413.786 | C117: Telegram | D117: 0 | E117: 45414.31 | F117: Агент 6 | G117: 0.0015046296 | H117: 45413.787 | I117: 0.012592593 | J117: Нет | K117: 3 | L117: 1 | M117: Селфстади
A118: 186069098 | B118: 45413.788 | C118: Email | D118: 0 | E118: 45413.792 | F118: Агент 6 | G118: Нет ответа | H118: Нет ответа | I118: 0.0015162037 | J118: Нет | K118: 0 | L118: 1 | M118: Пауза_преподаватель
A119: 186071075 | B119: 45413.798 | C119: Telegram | D119: 0 | E119: 45414.31 | F119: Агент 6 | G119: 0 | H119: =B119 -> 45413.798 | I119: 0.0040972222 | J119: Нет | K119: 2 | L119: 1 | M119: Селфстади
A120: 186072918 | B120: 45413.807 | C120: Telegram | D120: 0 | E120: 45414.318 | F120: Агент 7 | G120: 0.0017708333 | H120: 45413.809 | I120: 0.0044444444 | J120: Нет | K120: 3 | L120: 3 | M120: Отмена_преподавателем
A121: 186074329 | B121: 45413.814 | C121: Telegram | D121: 0 | E121: 45415.076 | F121: Агент 6 | G121: 0.0031481481 | H121: 45413.818 | I121: 0.75381944 | J121: Нет | K121: 2 | L121: 1 | M121: Рефанд
A122: 186076911 | B122: 45413.829 | C122: Telegram | D122: 0 | E122: 45414.369 | F122: Агент 7 | G122: 0.0021643519 | H122: 45413.831 | I122: 0.03931713 | J122: Нет | K122: 2 | L122: 2 | M122: Отмена_преподавателем
A123: 186076914 | B123: 45413.829 | C123: Telegram | D123: 0 | E123: 45414.335 | F123: Агент 6 | G123: 0.0031365741 | H123: 45413.832 | I123: 0.0057638889 | J123: Нет | K123: 4 | L123: 5 | M123: История_занятий_преподавателя
A124: 186077605 | B124: 45413.833 | C124: Telegram | D124: 0 | E124: 45414.344 | F124: Агент 7 | G124: 0.00047453704 | H124: 45413.834 | I124: 0.0053587963 | J124: Нет | K124: 5 | L124: 3 | M124: Вопрос_отзыв_про_студента
A125: 186080627 | B125: 45413.849 | C125: WhatsApp | D125: 1 | E125: 45414.42 | F125: Агент 8 | G125: 0.00047453704 | H125: 45413.85 | I125: 0.062291667 | J125: Нет | K125: 5 | L125: 6 | M125: Интерфейс
A126: 186080866 | B126: 45413.851 | C126: Telegram | D126: 0 | E126: 45414.36 | F126: Агент 7 | G126: 0.00047453704 | H126: 45413.851 | I126: 0.002337963 | J126: Нет | K126: 3 | L126: 2 | M126: Отмена_преподавателем
A127: 186083881 | B127: 45413.868 | C127: Telegram | D127: 0 | E127: 45414.378 | F127: Агент 8 | G127: 0.0029050926 | H127: 45413.871 | I127: 0.003125 | J127: Да | K127: 1 | L127: 2 | M127: Не_пришёл_опоздал_преподаватель
...

Sheet Общее сравнение
B2: Сравниваемые периоды: | E2: Общее количество | F2: Медианное время ответа | G2: Медианное время решения
B3: Предыдущий | C3: 01.04.2024 - 30.04.2024 | E3: =COUNT(old!A2:A5309) -> 5308 | F3: =MEDIAN(old!G2:G5309) -> 0.0010532407 | G3: =MEDIAN(old!$I$2:$I$5309) -> 0.0079108796
B4: Текущий | C4: 01.05.2024 - 31.05.2024 | E4: =COUNT(new!A2:A4824) -> 4823 | F4: =MEDIAN(new!G2:G4824) -> 0.0011805556 | G4: =MEDIAN(new!$I$2:$I$5309) -> 0.0077083333
B24: По сравнению с прошлым периодом разница составила -9,13% | H24: По сравнению с прошлым периодом разница составила 9,90% | N24: По сравнению с прошлым периодом разница составила -2,63%

Sheet Сравнение по каналам
B2: Распределение запросов по каналам | H2: Медианное время ответа по каналам
B4: Каналы | C4: 01.04.2024 - 30.04.2024 | D4: 01.05.2024 - 31.05.2024 | E4: % изменения | H4: Каналы | I4: 01.04.2024 - 30.04.2024 | J4: 01.05.2024 - 31.05.2024 | K4: % изменения
B5: Email | C5: =COUNTIF(old!$C$2:'old'!$C$5309, $B$5) -> 748 | D5: =COUNTIF(new!$C$2:'new'!$C$5309, B5) -> 645 | E5: -0.1377 | H5: Email | I5: 0.0026851852 | J5: =IFERROR(__xludf.DUMMYFUNCTION("MEDIAN(FILTER(new!$G$3:$G$5310, new!$C$3:$C$5310 = $H5))"),0.00424189814814814) -> 0.0042418981 | K5: =(J5-I5)/I5 -> 0.57974138
B6: Telegram | C6: =COUNTIF(old!$C$2:'old'!$C$5309, $B$6) -> 3610 | D6: =COUNTIF(new!$C$2:'new'!$C$5309, B6) -> 3308 | E6: -0.0837 | H6: Telegram | I6: =IFERROR(__xludf.DUMMYFUNCTION("MEDIAN(FILTER(old!$G$3:$G$5310, old!$C$3:$C$5310 = $H$6))"),0.00103009259259259) -> 0.0010300926 | J6: =IFERROR(__xludf.DUMMYFUNCTION("MEDIAN(FILTER(new!$G$3:$G$5310, new!$C$3:$C$5310 = $H$6))"),0.0011574074074074) -> 0.0011574074 | K6: =(J6-I6)/I6 -> 0.12359551
B7: VK | C7: =COUNTIF(old!$C$2:'old'!$C$5309, $B$7) -> 16 | D7: =COUNTIF(new!$C$2:'new'!$C$5309, B7) -> 18 | E7: 0.125 | H7: VK | I7: =IFERROR(__xludf.DUMMYFUNCTION("MEDIAN(FILTER(old!G4:G5311, old!C4:C5311 = H7))"),0.00123842592592592) -> 0.0012384259 | J7: =IFERROR(__xludf.DUMMYFUNCTION("MEDIAN(FILTER(new!$G$3:$G$5310, new!$C$3:$C$5310 = $H7))"),0.000677083333333333) -> 0.00067708333 | K7: =(J7-I7)/I7 -> -0.45327103
B8: WhatsApp | C8: =COUNTIF(old!$C$2:'old'!$C$5309, $B$8) -> 934 | D8: =COUNTIF(new!$C$2:'new'!$C$5309, B8) -> 852 | E8: -0.0878 | H8: WhatsApp | I8: =IFERROR(__xludf.DUMMYFUNCTION("MEDIAN(FILTER(old!G5:G5312, old!C5:C5312 = H8))"),0.00105324074074074) -> 0.0010532407 | J8: =IFERROR(__xludf.DUMMYFUNCTION("MEDIAN(FILTER(new!$G$3:$G$5310, new!$C$3:$C$5310 = $H8))"),0.00116898148148148) -> 0.0011689815 | K8: =(J8-I8)/I8 -> 0.10989011
B9: Итого | C9: =SUM(C5:C8) -> 5308 | D9: =SUM(D5:D8) -> 4823 | E9: -0.0914
G33: ы
